Date,Open,High,Low,Close,Adj Close,Volume,ticker
2021-01-04,0.35839998722076416,0.36000001430511475,0.3433000147342682,0.34779998660087585,0.33478352427482605,44695773,SAB.MC
2021-01-05,0.3434999883174896,0.3637999892234802,0.3434999883174896,0.36059999465942383,0.3471044898033142,36439049,SAB.MC
2021-01-06,0.36660000681877136,0.3912000060081482,0.3619000017642975,0.38359999656677246,0.36924371123313904,64080453,SAB.MC
2021-01-07,0.38199999928474426,0.40779998898506165,0.3711000084877014,0.40779998898506165,0.39253801107406616,62868483,SAB.MC
2021-01-08,0.4090999960899353,0.4090999960899353,0.3921000063419342,0.39570000767707825,0.3808908760547638,43505899,SAB.MC
2021-01-11,0.3946000039577484,0.4081000089645386,0.38499999046325684,0.39489999413490295,0.38012078404426575,41261599,SAB.MC
2021-01-12,0.4000000059604645,0.41990000009536743,0.39879998564720154,0.414000004529953,0.3985059857368469,62362561,SAB.MC
2021-01-13,0.41839998960494995,0.41839998960494995,0.3959999978542328,0.39730000495910645,0.3824310004711151,44289131,SAB.MC
2021-01-14,0.39500001072883606,0.40849998593330383,0.39489999413490295,0.4032000005245209,0.3881101906299591,55745299,SAB.MC
2021-01-15,0.4052000045776367,0.4056999981403351,0.38019999861717224,0.3813000023365021,0.3670297861099243,61537460,SAB.MC
2021-01-18,0.3815000057220459,0.3935000002384186,0.3799999952316284,0.3901999890804291,0.37559670209884644,34661371,SAB.MC
2021-01-19,0.39480000734329224,0.3986999988555908,0.3779999911785126,0.3815999925136566,0.3673185408115387,38717456,SAB.MC
2021-01-20,0.3880000114440918,0.3885999917984009,0.3799999952316284,0.3813000023365021,0.3670297861099243,33503122,SAB.MC
2021-01-21,0.38530001044273376,0.39730000495910645,0.38089999556541443,0.3846000134944916,0.3702062964439392,38457573,SAB.MC
2021-01-22,0.38100001215934753,0.38119998574256897,0.36250001192092896,0.3653999865055084,0.3517248332500458,82590017,SAB.MC
2021-01-25,0.3698999881744385,0.37290000915527344,0.3538999855518341,0.35600000619888306,0.34267663955688477,42911454,SAB.MC
2021-01-26,0.35600000619888306,0.37299999594688416,0.35580000281333923,0.3684999942779541,0.35470882058143616,33514549,SAB.MC
2021-01-27,0.3684999942779541,0.37709999084472656,0.3573000133037567,0.3617999851703644,0.3482595682144165,45902842,SAB.MC
2021-01-28,0.3571000099182129,0.37619999051094055,0.35589998960494995,0.37299999594688416,0.35904040932655334,35972289,SAB.MC
2021-01-29,0.3653999865055084,0.3693999946117401,0.3580999970436096,0.3617999851703644,0.3482595682144165,45135530,SAB.MC
2021-02-01,0.3659999966621399,0.37700000405311584,0.35530000925064087,0.3569999933242798,0.34363922476768494,77575112,SAB.MC
2021-02-02,0.3630000054836273,0.38280001282691956,0.35679998993873596,0.3824999928474426,0.3681848645210266,59020126,SAB.MC
2021-02-03,0.38679999113082886,0.3921000063419342,0.37380000948905945,0.38029998540878296,0.36606720089912415,45577052,SAB.MC
2021-02-04,0.38350000977516174,0.4018999934196472,0.37860000133514404,0.39570000767707825,0.3808908760547638,58490303,SAB.MC
2021-02-05,0.397599995136261,0.40630000829696655,0.39160001277923584,0.3986000120639801,0.38368234038352966,52555004,SAB.MC
2021-02-08,0.3982999920845032,0.40790000557899475,0.3912000060081482,0.3921000063419342,0.3774256110191345,33341003,SAB.MC
2021-02-09,0.38999998569488525,0.3953000009059906,0.3831000030040741,0.3953000009059906,0.38050583004951477,24966601,SAB.MC
2021-02-10,0.3970000147819519,0.3995000123977661,0.38429999351501465,0.38989999890327454,0.37530791759490967,28608031,SAB.MC
2021-02-11,0.39010000228881836,0.3919999897480011,0.38019999861717224,0.38359999656677246,0.36924371123313904,22123601,SAB.MC
2021-02-12,0.38499999046325684,0.3869999945163727,0.3765000104904175,0.3846000134944916,0.3702062964439392,24840558,SAB.MC
2021-02-15,0.3928999900817871,0.3986999988555908,0.38850000500679016,0.39750000834465027,0.38262349367141724,29181638,SAB.MC
2021-02-16,0.39730000495910645,0.39879998564720154,0.38589999079704285,0.3921000063419342,0.3774256110191345,30080237,SAB.MC
2021-02-17,0.3917999863624573,0.39800000190734863,0.38960000872612,0.39320001006126404,0.37848442792892456,34459381,SAB.MC
2021-02-18,0.3928000032901764,0.397599995136261,0.38350000977516174,0.3847000002861023,0.3703025281429291,26090272,SAB.MC
2021-02-19,0.3849000036716461,0.3921999931335449,0.3785000145435333,0.390500009059906,0.3758854866027832,41055787,SAB.MC
2021-02-22,0.39010000228881836,0.4000000059604645,0.3833000063896179,0.3995000123977661,0.3845486640930176,33146312,SAB.MC
2021-02-23,0.4000000059604645,0.41200000047683716,0.3944000005722046,0.4088999927043915,0.3935968577861786,57830841,SAB.MC
2021-02-24,0.4083999991416931,0.41999998688697815,0.40799999237060547,0.4147999882698059,0.3992760181427002,42866470,SAB.MC
2021-02-25,0.41999998688697815,0.4408999979496002,0.41839998960494995,0.4309999942779541,0.4148697555065155,69601429,SAB.MC
2021-02-26,0.41999998688697815,0.4350000023841858,0.414000004529953,0.41659998893737793,0.401008665561676,52986483,SAB.MC
2021-01-04,2.5920000076293945,2.5975000858306885,2.5139999389648438,2.566499948501587,2.506812572479248,61027452,SAN.MC
2021-01-05,2.5334999561309814,2.5934998989105225,2.5280001163482666,2.575500011444092,2.515603542327881,34085777,SAN.MC
2021-01-06,2.6494998931884766,2.7925000190734863,2.629499912261963,2.752500057220459,2.6884870529174805,73687945,SAN.MC
2021-01-07,2.7695000171661377,2.799999952316284,2.7009999752044678,2.7929999828338623,2.7280449867248535,54802375,SAN.MC
2021-01-08,2.799999952316284,2.799999952316284,2.7100000381469727,2.759999990463257,2.695812463760376,63402423,SAN.MC
2021-01-11,2.7664999961853027,2.8434998989105225,2.745500087738037,2.809999942779541,2.744649648666382,96157126,SAN.MC
2021-01-12,2.8299999237060547,2.865999937057495,2.812999963760376,2.8494999408721924,2.783231019973755,53299177,SAN.MC
2021-01-13,2.8399999141693115,2.8524999618530273,2.810499906539917,2.8320000171661377,2.7661383152008057,39255989,SAN.MC
2021-01-14,2.8299999237060547,2.8534998893737793,2.7860000133514404,2.8010001182556152,2.7358593940734863,56732296,SAN.MC
2021-01-15,2.7815001010894775,2.8350000381469727,2.7044999599456787,2.7204999923706055,2.657231092453003,102873900,SAN.MC
2021-01-18,2.700000047683716,2.75,2.691999912261963,2.73799991607666,2.6743242740631104,67986442,SAN.MC
2021-01-19,2.7679998874664307,2.7709999084472656,2.684000015258789,2.684000015258789,2.621580123901367,51587855,SAN.MC
2021-01-20,2.7300000190734863,2.734999895095825,2.6624999046325684,2.688499927520752,2.6259753704071045,56048675,SAN.MC
2021-01-21,2.700000047683716,2.7165000438690186,2.640000104904175,2.640000104904175,2.5786032676696777,83061544,SAN.MC
2021-01-22,2.6059999465942383,2.609999895095825,2.5480000972747803,2.5810000896453857,2.520975351333618,82196849,SAN.MC
2021-01-25,2.5985000133514404,2.618499994277954,2.4755001068115234,2.490000009536743,2.4320919513702393,50395819,SAN.MC
2021-01-26,2.491499900817871,2.561000108718872,2.4855000972747803,2.5325000286102295,2.4736034870147705,39204006,SAN.MC
2021-01-27,2.509999990463257,2.5239999294281006,2.421999931335449,2.432499885559082,2.3759288787841797,55168498,SAN.MC
2021-01-28,2.4049999713897705,2.496999979019165,2.375,2.4814999103546143,2.4237892627716064,48708942,SAN.MC
2021-01-29,2.430000066757202,2.4509999752044678,2.388000011444092,2.4149999618530273,2.3588361740112305,67089538,SAN.MC
2021-02-01,2.4574999809265137,2.4735000133514404,2.4119999408721924,2.4170000553131104,2.3607895374298096,59245603,SAN.MC
2021-02-02,2.437999963760376,2.561500072479248,2.43149995803833,2.5369999408721924,2.4779984951019287,74092009,SAN.MC
2021-02-03,2.628000020980835,2.6654999256134033,2.5455000400543213,2.553999900817871,2.494603157043457,65670840,SAN.MC
2021-02-04,2.569999933242798,2.7044999599456787,2.5385000705718994,2.690000057220459,2.6274404525756836,91259735,SAN.MC
2021-02-05,2.680500030517578,2.7885000705718994,2.6519999504089355,2.7880001068115234,2.7231616973876953,84329439,SAN.MC
2021-02-08,2.823499917984009,2.859499931335449,2.7820000648498535,2.8450000286102295,2.7788360118865967,78450275,SAN.MC
2021-02-09,2.8399999141693115,2.8459999561309814,2.805000066757202,2.8320000171661377,2.7661383152008057,48848870,SAN.MC
2021-02-10,2.8499999046325684,2.880000114440918,2.7899999618530273,2.8375000953674316,2.771510362625122,45426840,SAN.MC
2021-02-11,2.828000068664551,2.8510000705718994,2.7669999599456787,2.7964999675750732,2.731463670730591,36747505,SAN.MC
2021-02-12,2.7909998893737793,2.7960000038146973,2.7235000133514404,2.7950000762939453,2.7299985885620117,43483237,SAN.MC
2021-02-15,2.8480000495910645,2.924999952316284,2.8269999027252197,2.9100000858306885,2.8423242568969727,57157904,SAN.MC
2021-02-16,2.9100000858306885,2.9200000762939453,2.862499952316284,2.9114999771118164,2.8437891006469727,58425475,SAN.MC
2021-02-17,2.9100000858306885,2.9749999046325684,2.873500108718872,2.8945000171661377,2.8271844387054443,56926630,SAN.MC
2021-02-18,2.8910000324249268,2.9195001125335693,2.8369998931884766,2.8554999828338623,2.7890915870666504,48245903,SAN.MC
2021-02-19,2.880000114440918,2.99399995803833,2.8399999141693115,2.9755001068115234,2.9063010215759277,71782024,SAN.MC
2021-02-22,2.950000047683716,2.950000047683716,2.8515000343322754,2.8954999446868896,2.8281612396240234,57631313,SAN.MC
2021-02-23,2.9000000953674316,2.9674999713897705,2.8914999961853027,2.950500011444092,2.881882429122925,55913983,SAN.MC
2021-02-24,2.942500114440918,2.9725000858306885,2.9030001163482666,2.9625000953674316,2.8936033248901367,43189381,SAN.MC
2021-02-25,2.990000009536743,3.068000078201294,2.9554998874664307,2.9655001163482666,2.896533727645874,74886602,SAN.MC
2021-02-26,2.8989999294281006,2.9595000743865967,2.870500087738037,2.8975000381469727,2.8301148414611816,60359143,SAN.MC
2021-01-04,148.0,148.60000610351562,137.0,138.5,138.5,237612,AENA.MC
2021-01-05,136.8000030517578,138.60000610351562,135.60000610351562,138.3000030517578,138.3000030517578,242269,AENA.MC
2021-01-06,139.39999389648438,141.39999389648438,137.3000030517578,141.10000610351562,141.10000610351562,166494,AENA.MC
2021-01-07,141.6999969482422,141.6999969482422,136.3000030517578,139.3000030517578,139.3000030517578,132215,AENA.MC
2021-01-08,140.39999389648438,141.1999969482422,138.8000030517578,140.6999969482422,140.6999969482422,307940,AENA.MC
2021-01-11,139.89999389648438,140.0,137.5,138.89999389648438,138.89999389648438,157964,AENA.MC
2021-01-12,139.89999389648438,140.6999969482422,138.8000030517578,140.5,140.5,180816,AENA.MC
2021-01-13,140.60000610351562,142.0,139.0,139.1999969482422,139.1999969482422,176545,AENA.MC
2021-01-14,140.60000610351562,142.39999389648438,139.1999969482422,141.6999969482422,141.6999969482422,364694,AENA.MC
2021-01-15,141.3000030517578,143.3000030517578,139.6999969482422,141.3000030517578,141.3000030517578,197134,AENA.MC
2021-01-18,138.1999969482422,138.8000030517578,135.3000030517578,138.0,138.0,160725,AENA.MC
2021-01-19,138.10000610351562,138.8000030517578,135.6999969482422,135.89999389648438,135.89999389648438,146261,AENA.MC
2021-01-20,136.10000610351562,137.5,134.6999969482422,135.60000610351562,135.60000610351562,297830,AENA.MC
2021-01-21,135.6999969482422,136.60000610351562,131.60000610351562,132.1999969482422,132.1999969482422,279223,AENA.MC
2021-01-22,131.1999969482422,132.10000610351562,129.6999969482422,130.6999969482422,130.6999969482422,507478,AENA.MC
2021-01-25,130.8000030517578,131.10000610351562,126.19999694824219,128.6999969482422,128.6999969482422,464117,AENA.MC
2021-01-26,127.0,130.39999389648438,127.0,128.5,128.5,215687,AENA.MC
2021-01-27,127.4000015258789,128.10000610351562,125.30000305175781,126.9000015258789,126.9000015258789,332745,AENA.MC
2021-01-28,125.19999694824219,131.60000610351562,125.19999694824219,131.60000610351562,131.60000610351562,209184,AENA.MC
2021-01-29,129.8000030517578,129.8000030517578,125.9000015258789,127.30000305175781,127.30000305175781,248792,AENA.MC
2021-02-01,128.0,130.1999969482422,127.30000305175781,129.10000610351562,129.10000610351562,243478,AENA.MC
2021-02-02,129.89999389648438,135.89999389648438,129.8000030517578,134.1999969482422,134.1999969482422,225979,AENA.MC
2021-02-03,136.5,137.5,132.5,133.0,133.0,157163,AENA.MC
2021-02-04,132.10000610351562,133.5,131.3000030517578,133.39999389648438,133.39999389648438,115721,AENA.MC
2021-02-05,133.89999389648438,137.39999389648438,133.60000610351562,136.10000610351562,136.10000610351562,147378,AENA.MC
2021-02-08,135.60000610351562,139.0,135.1999969482422,138.0,138.0,141504,AENA.MC
2021-02-09,138.5,138.5,134.3000030517578,134.8000030517578,134.8000030517578,208155,AENA.MC
2021-02-10,134.89999389648438,135.89999389648438,133.3000030517578,133.5,133.5,109555,AENA.MC
2021-02-11,132.5,134.1999969482422,130.6999969482422,131.60000610351562,131.60000610351562,112507,AENA.MC
2021-02-12,131.0,131.89999389648438,130.1999969482422,131.5,131.5,75857,AENA.MC
2021-02-15,132.39999389648438,134.10000610351562,132.1999969482422,132.8000030517578,132.8000030517578,181902,AENA.MC
2021-02-16,133.5,133.6999969482422,131.0,132.8000030517578,132.8000030517578,543729,AENA.MC
2021-02-17,132.89999389648438,133.5,130.6999969482422,132.39999389648438,132.39999389648438,358492,AENA.MC
2021-02-18,131.5,132.89999389648438,128.6999969482422,129.1999969482422,129.1999969482422,109366,AENA.MC
2021-02-19,129.6999969482422,132.10000610351562,129.6999969482422,130.8000030517578,130.8000030517578,296188,AENA.MC
2021-02-22,130.6999969482422,137.89999389648438,130.10000610351562,137.1999969482422,137.1999969482422,207559,AENA.MC
2021-02-23,137.0,142.6999969482422,137.0,141.5,141.5,271503,AENA.MC
2021-02-24,143.10000610351562,145.3000030517578,139.5,144.1999969482422,144.1999969482422,347583,AENA.MC
2021-02-25,146.60000610351562,149.60000610351562,142.1999969482422,142.8000030517578,142.8000030517578,502844,AENA.MC
2021-02-26,140.3000030517578,143.1999969482422,139.60000610351562,140.89999389648438,140.89999389648438,222140,AENA.MC
2021-01-04,22.450000762939453,22.65999984741211,22.299999237060547,22.3700008392334,20.533267974853516,9449377,ELE.MC
2021-01-05,22.31999969482422,22.420000076293945,22.06999969482422,22.170000076293945,20.349687576293945,5070297,ELE.MC
2021-01-06,22.270000457763672,22.639999389648438,22.100000381469727,22.639999389648438,20.781097412109375,1005855,ELE.MC
2021-01-07,22.719999313354492,22.729999542236328,22.43000030517578,22.530000686645508,20.680130004882812,6409570,ELE.MC
2021-01-08,22.530000686645508,22.780000686645508,22.43000030517578,22.780000686645508,20.909603118896484,1262658,ELE.MC
2021-01-11,22.5,22.690000534057617,22.3700008392334,22.43000030517578,20.58833885192871,1282971,ELE.MC
2021-01-12,22.450000762939453,22.459999084472656,21.760000228881836,21.799999237060547,20.010066986083984,1267991,ELE.MC
2021-01-13,22.0,22.450000762939453,21.950000762939453,22.440000534057617,20.597518920898438,2272290,ELE.MC
2021-01-14,22.469999313354492,22.68000030517578,22.270000457763672,22.68000030517578,20.817813873291016,1431745,ELE.MC
2021-01-15,22.68000030517578,22.68000030517578,22.239999771118164,22.489999771118164,20.643413543701172,1603125,ELE.MC
2021-01-18,22.469999313354492,22.469999313354492,22.09000015258789,22.31999969482422,20.48737144470215,1259484,ELE.MC
2021-01-19,22.3799991607666,22.479999542236328,22.25,22.43000030517578,20.58833885192871,2935923,ELE.MC
2021-01-20,22.309999465942383,22.350000381469727,21.920000076293945,22.040000915527344,20.230361938476562,1240359,ELE.MC
2021-01-21,22.040000915527344,22.190000534057617,21.760000228881836,21.760000228881836,19.973352432250977,2834424,ELE.MC
2021-01-22,21.809999465942383,21.940000534057617,21.6200008392334,21.920000076293945,20.120214462280273,1023805,ELE.MC
2021-01-25,21.989999771118164,22.1299991607666,21.700000762939453,21.979999542236328,20.175289154052734,1064406,ELE.MC
2021-01-26,22.0,22.260000228881836,21.84000015258789,21.84000015258789,20.046783447265625,853540,ELE.MC
2021-01-27,21.899999618530273,21.959999084472656,21.260000228881836,21.510000228881836,19.743877410888672,1218402,ELE.MC
2021-01-28,21.280000686645508,21.84000015258789,21.100000381469727,21.739999771118164,19.954994201660156,907019,ELE.MC
2021-01-29,21.5,21.579999923706055,21.100000381469727,21.100000381469727,19.367544174194336,1311944,ELE.MC
2021-02-01,21.15999984741211,21.56999969482422,21.15999984741211,21.510000228881836,19.743877410888672,804379,ELE.MC
2021-02-02,21.549999237060547,21.639999389648438,21.440000534057617,21.549999237060547,19.78059196472168,1640915,ELE.MC
2021-02-03,21.59000015258789,21.93000030517578,21.5,21.81999969482422,20.028425216674805,1109953,ELE.MC
2021-02-04,21.860000610351562,21.8799991607666,21.510000228881836,21.639999389648438,19.863203048706055,984202,ELE.MC
2021-02-05,21.639999389648438,21.700000762939453,21.450000762939453,21.5,19.73470115661621,1086346,ELE.MC
2021-02-08,21.450000762939453,21.579999923706055,21.350000381469727,21.389999389648438,19.633729934692383,727470,ELE.MC
2021-02-09,21.350000381469727,21.389999389648438,21.1200008392334,21.190000534057617,19.450153350830078,641738,ELE.MC
2021-02-10,21.549999237060547,22.110000610351562,21.510000228881836,21.6200008392334,19.8448486328125,1389604,ELE.MC
2021-02-11,21.719999313354492,21.719999313354492,21.43000030517578,21.459999084472656,19.697982788085938,658439,ELE.MC
2021-02-12,21.489999771118164,21.93000030517578,21.40999984741211,21.93000030517578,20.12939453125,989612,ELE.MC
2021-02-15,21.950000762939453,21.950000762939453,21.690000534057617,21.829999923706055,20.0376033782959,774038,ELE.MC
2021-02-16,21.889999389648438,21.889999389648438,21.579999923706055,21.639999389648438,19.863203048706055,873917,ELE.MC
2021-02-17,21.540000915527344,21.860000610351562,21.420000076293945,21.860000610351562,20.065141677856445,1340474,ELE.MC
2021-02-18,22.0,22.06999969482422,21.690000534057617,21.75,19.96417236328125,847691,ELE.MC
2021-02-19,21.75,21.93000030517578,21.59000015258789,21.709999084472656,19.92745590209961,1715323,ELE.MC
2021-02-22,21.700000762939453,21.739999771118164,21.3799991607666,21.3799991607666,19.62455177307129,1131903,ELE.MC
2021-02-23,21.469999313354492,21.56999969482422,21.06999969482422,21.56999969482422,19.798952102661133,1268003,ELE.MC
2021-02-24,22.170000076293945,22.290000915527344,21.079999923706055,21.219999313354492,19.477689743041992,2183243,ELE.MC
2021-02-25,21.309999465942383,21.350000381469727,20.700000762939453,20.700000762939453,19.00038719177246,2245665,ELE.MC
2021-02-26,20.709999084472656,20.989999771118164,20.549999237060547,20.549999237060547,18.862699508666992,1418853,ELE.MC
2021-01-04,19.21500015258789,19.354999542236328,19.065000534057617,19.065000534057617,17.563945770263672,555808,NTGY.MC
2021-01-05,19.020000457763672,19.094999313354492,18.795000076293945,18.93000030517578,17.439577102661133,671286,NTGY.MC
2021-01-06,18.84000015258789,19.415000915527344,18.84000015258789,19.28499984741211,17.766624450683594,812865,NTGY.MC
2021-01-07,19.5049991607666,19.854999542236328,19.235000610351562,19.7549991607666,18.19961929321289,2204061,NTGY.MC
2021-01-08,19.940000534057617,20.270000457763672,19.639999389648438,20.270000457763672,18.674072265625,1111816,NTGY.MC
2021-01-11,20.059999465942383,20.200000762939453,19.7450008392334,20.149999618530273,18.563520431518555,1003651,NTGY.MC
2021-01-12,20.270000457763672,20.709999084472656,20.1299991607666,20.510000228881836,18.895177841186523,956555,NTGY.MC
2021-01-13,20.469999313354492,20.68000030517578,20.3700008392334,20.469999313354492,18.858325958251953,1098992,NTGY.MC
2021-01-14,20.540000915527344,20.600000381469727,20.3799991607666,20.530000686645508,18.913602828979492,713535,NTGY.MC
2021-01-15,20.450000762939453,20.59000015258789,19.8700008392334,20.049999237060547,18.471391677856445,1004466,NTGY.MC
2021-01-18,19.985000610351562,19.985000610351562,19.655000686645508,19.885000228881836,18.31938362121582,558876,NTGY.MC
2021-01-19,20.0,20.139999389648438,19.684999465942383,20.079999923706055,18.499032974243164,768019,NTGY.MC
2021-01-20,20.049999237060547,20.260000228881836,19.655000686645508,19.760000228881836,18.2042293548584,743419,NTGY.MC
2021-01-21,19.774999618530273,19.920000076293945,19.420000076293945,19.475000381469727,17.941665649414062,586478,NTGY.MC
2021-01-22,19.375,19.399999618530273,19.079999923706055,19.280000686645508,17.762022018432617,713756,NTGY.MC
2021-01-25,19.260000228881836,19.399999618530273,18.8700008392334,19.21500015258789,17.702136993408203,438271,NTGY.MC
2021-01-26,22.6299991607666,22.709999084472656,22.020000457763672,22.190000534057617,20.44290542602539,4765095,NTGY.MC
2021-01-27,22.110000610351562,22.350000381469727,21.940000534057617,22.350000381469727,20.590307235717773,2974013,NTGY.MC
2021-01-28,22.100000381469727,22.360000610351562,21.719999313354492,21.940000534057617,20.212589263916016,1857038,NTGY.MC
2021-01-29,21.420000076293945,21.760000228881836,20.90999984741211,21.309999465942383,19.632190704345703,1326669,NTGY.MC
2021-02-01,21.350000381469727,21.549999237060547,21.239999771118164,21.3700008392334,19.68746566772461,1009368,NTGY.MC
2021-02-02,21.350000381469727,21.479999542236328,21.260000228881836,21.34000015258789,19.65983009338379,2138326,NTGY.MC
2021-02-03,21.3700008392334,21.690000534057617,21.290000915527344,21.389999389648438,19.70589256286621,1126075,NTGY.MC
2021-02-04,21.399999618530273,21.600000381469727,21.170000076293945,21.5,19.807231903076172,1380308,NTGY.MC
2021-02-05,21.459999084472656,21.510000228881836,21.219999313354492,21.270000457763672,19.595340728759766,738723,NTGY.MC
2021-02-08,21.329999923706055,21.469999313354492,21.06999969482422,21.15999984741211,19.493999481201172,1061033,NTGY.MC
2021-02-09,21.079999923706055,21.190000534057617,19.899999618530273,20.350000381469727,18.747774124145508,2380714,NTGY.MC
2021-02-10,20.399999618530273,20.549999237060547,20.18000030517578,20.219999313354492,18.628007888793945,1712643,NTGY.MC
2021-02-11,20.219999313354492,20.469999313354492,20.200000762939453,20.469999313354492,18.858325958251953,822741,NTGY.MC
2021-02-12,20.559999465942383,21.0,20.450000762939453,20.989999771118164,19.337385177612305,824136,NTGY.MC
2021-02-15,21.010000228881836,21.1299991607666,20.809999465942383,20.84000015258789,19.199193954467773,591025,NTGY.MC
2021-02-16,20.920000076293945,21.06999969482422,20.700000762939453,20.700000762939453,19.070219039916992,486027,NTGY.MC
2021-02-17,20.559999465942383,20.719999313354492,20.510000228881836,20.719999313354492,19.088642120361328,549171,NTGY.MC
2021-02-18,20.75,20.770000457763672,20.610000610351562,20.649999618530273,19.024152755737305,503929,NTGY.MC
2021-02-19,20.649999618530273,20.84000015258789,20.540000915527344,20.610000610351562,18.9873046875,687494,NTGY.MC
2021-02-22,20.579999923706055,20.780000686645508,20.489999771118164,20.530000686645508,18.913602828979492,676789,NTGY.MC
2021-02-23,20.56999969482422,20.6299991607666,20.290000915527344,20.6299991607666,19.005727767944336,796753,NTGY.MC
2021-02-24,20.600000381469727,20.68000030517578,20.34000015258789,20.5,18.885963439941406,501790,NTGY.MC
2021-02-25,20.56999969482422,20.959999084472656,20.489999771118164,20.899999618530273,19.254470825195312,989654,NTGY.MC
2021-02-26,20.729999542236328,20.989999771118164,20.579999923706055,20.709999084472656,19.079429626464844,1186900,NTGY.MC
2021-01-04,71.80000305175781,76.80000305175781,71.55000305175781,76.6500015258789,76.15452575683594,195958,PHM.MC
2021-01-05,77.0,80.4000015258789,74.8499984741211,77.5999984741211,77.09838104248047,297273,PHM.MC
2021-01-06,78.5999984741211,78.5999984741211,75.1500015258789,76.19999694824219,75.70742797851562,151950,PHM.MC
2021-01-07,76.5,78.44999694824219,75.69999694824219,77.30000305175781,76.80032348632812,154352,PHM.MC
2021-01-08,78.0,78.5,76.0999984741211,77.19999694824219,76.70096588134766,128055,PHM.MC
2021-01-11,78.0,81.1500015258789,77.25,80.94999694824219,80.42672729492188,166778,PHM.MC
2021-01-12,81.0999984741211,81.6500015258789,78.30000305175781,78.6500015258789,78.1416015625,146218,PHM.MC
2021-01-13,79.5,84.94999694824219,78.5999984741211,84.55000305175781,84.00346374511719,198080,PHM.MC
2021-01-14,84.6500015258789,86.3499984741211,83.55000305175781,85.8499984741211,85.29505157470703,172474,PHM.MC
2021-01-15,86.0,86.30000305175781,82.1500015258789,83.69999694824219,83.15895080566406,157036,PHM.MC
2021-01-18,85.0,88.3499984741211,84.0,87.5999984741211,87.03374481201172,146542,PHM.MC
2021-01-19,88.25,88.25,85.9000015258789,87.5,86.93438720703125,95710,PHM.MC
2021-01-20,88.0,89.55000305175781,87.05000305175781,88.5999984741211,88.02727508544922,80513,PHM.MC
2021-01-21,88.75,91.4000015258789,86.0,86.75,86.18923950195312,181354,PHM.MC
2021-01-22,86.69999694824219,87.75,82.55000305175781,86.5,85.94085693359375,187368,PHM.MC
2021-01-25,88.0,89.55000305175781,87.0,87.75,87.18276977539062,118569,PHM.MC
2021-01-26,104.0,110.4000015258789,97.0,106.30000305175781,105.61286926269531,840370,PHM.MC
2021-01-27,116.0,116.69999694824219,101.0,107.5999984741211,106.90445709228516,639250,PHM.MC
2021-01-28,106.4000015258789,107.0,102.5,103.5999984741211,102.93031311035156,204542,PHM.MC
2021-01-29,102.0999984741211,106.19999694824219,102.0,105.0,104.3212661743164,151609,PHM.MC
2021-02-01,108.0999984741211,114.0,106.5999984741211,113.19999694824219,112.46826171875,351608,PHM.MC
2021-02-02,114.0,114.30000305175781,110.0999984741211,110.5,109.78571319580078,153369,PHM.MC
2021-02-03,110.4000015258789,113.80000305175781,108.5,113.5,112.76631927490234,138646,PHM.MC
2021-02-04,113.5999984741211,114.0,111.0999984741211,112.0999984741211,111.37537384033203,104154,PHM.MC
2021-02-05,111.30000305175781,115.0,111.30000305175781,114.80000305175781,114.05792236328125,153248,PHM.MC
2021-02-08,116.4000015258789,118.69999694824219,115.0,118.0,117.23723602294922,154794,PHM.MC
2021-02-09,117.5999984741211,120.0,116.0,119.4000015258789,118.62818145751953,141720,PHM.MC
2021-02-10,119.80000305175781,119.80000305175781,114.30000305175781,115.5,114.7533950805664,171306,PHM.MC
2021-02-11,115.4000015258789,119.0,115.19999694824219,118.80000305175781,118.03206634521484,115308,PHM.MC
2021-02-12,118.0,118.9000015258789,116.0,117.4000015258789,116.64111328125,77842,PHM.MC
2021-02-15,115.0,117.69999694824219,114.9000015258789,116.4000015258789,115.64757537841797,80710,PHM.MC
2021-02-16,116.30000305175781,117.0999984741211,114.30000305175781,114.69999694824219,113.95856475830078,89812,PHM.MC
2021-02-17,112.5999984741211,119.0,99.6500015258789,116.0999984741211,115.3495101928711,648464,PHM.MC
2021-02-18,116.5999984741211,116.80000305175781,109.4000015258789,110.30000305175781,109.5870132446289,201472,PHM.MC
2021-02-19,109.4000015258789,114.4000015258789,109.4000015258789,113.69999694824219,112.96502685546875,116374,PHM.MC
2021-02-22,113.80000305175781,114.69999694824219,109.4000015258789,110.0,109.28894805908203,139015,PHM.MC
2021-02-23,110.5999984741211,110.80000305175781,102.80000305175781,107.4000015258789,106.70575714111328,220999,PHM.MC
2021-02-24,107.9000015258789,111.19999694824219,106.0,109.0999984741211,108.39476013183594,108367,PHM.MC
2021-02-25,109.4000015258789,114.5,108.30000305175781,113.0,112.2695541381836,143408,PHM.MC
2021-02-26,113.0999984741211,113.80000305175781,109.4000015258789,109.5999984741211,108.89153289794922,144015,PHM.MC
2021-01-04,18.100000381469727,18.31999969482422,17.895000457763672,17.895000457763672,16.448881149291992,1418422,ENG.MC
2021-01-05,17.80500030517578,17.934999465942383,17.594999313354492,17.649999618530273,16.223678588867188,2181777,ENG.MC
2021-01-06,17.75,18.274999618530273,17.739999771118164,18.014999389648438,16.55918312072754,1901431,ENG.MC
2021-01-07,18.190000534057617,18.190000534057617,17.829999923706055,18.125,16.660295486450195,1820349,ENG.MC
2021-01-08,18.190000534057617,18.2549991607666,18.0049991607666,18.219999313354492,16.747615814208984,2136185,ENG.MC
2021-01-11,18.125,18.235000610351562,18.010000228881836,18.149999618530273,16.683273315429688,1544133,ENG.MC
2021-01-12,18.19499969482422,18.200000762939453,17.954999923706055,18.125,16.660295486450195,1389420,ENG.MC
2021-01-13,18.010000228881836,18.43000030517578,18.010000228881836,18.43000030517578,16.94064712524414,1166613,ENG.MC
2021-01-14,18.44499969482422,18.46500015258789,18.204999923706055,18.395000457763672,16.908475875854492,1164689,ENG.MC
2021-01-15,18.239999771118164,18.3700008392334,17.90999984741211,18.040000915527344,16.582164764404297,1248318,ENG.MC
2021-01-18,18.065000534057617,18.260000228881836,17.940000534057617,18.260000228881836,16.78438377380371,829445,ENG.MC
2021-01-19,18.309999465942383,18.549999237060547,18.209999084472656,18.459999084472656,16.96822166442871,867949,ENG.MC
2021-01-20,18.485000610351562,18.56999969482422,18.024999618530273,18.19499969482422,16.72463607788086,880752,ENG.MC
2021-01-21,18.209999084472656,18.344999313354492,18.014999389648438,18.020000457763672,16.563779830932617,873139,ENG.MC
2021-01-22,18.020000457763672,18.030000686645508,17.7450008392334,17.899999618530273,16.453475952148438,967464,ENG.MC
2021-01-25,18.0,18.344999313354492,17.950000762939453,18.344999313354492,16.86251449584961,1181706,ENG.MC
2021-01-26,18.389999389648438,18.56999969482422,18.299999237060547,18.420000076293945,16.931455612182617,1190367,ENG.MC
2021-01-27,18.43000030517578,19.6299991607666,18.385000228881836,19.100000381469727,17.556503295898438,2836515,ENG.MC
2021-01-28,18.885000228881836,18.989999771118164,18.524999618530273,18.524999618530273,17.027969360351562,1203724,ENG.MC
2021-01-29,18.450000762939453,18.559999465942383,18.174999237060547,18.174999237060547,16.70625114440918,1542098,ENG.MC
2021-02-01,18.360000610351562,18.475000381469727,18.225000381469727,18.360000610351562,16.876304626464844,805119,ENG.MC
2021-02-02,18.395000457763672,18.43000030517578,18.149999618530273,18.229999542236328,16.756807327270508,1581730,ENG.MC
2021-02-03,18.274999618530273,18.584999084472656,18.05500030517578,18.415000915527344,16.92685890197754,1183781,ENG.MC
2021-02-04,18.405000686645508,18.46500015258789,18.059999465942383,18.139999389648438,16.674081802368164,1021325,ENG.MC
2021-02-05,18.229999542236328,18.264999389648438,17.920000076293945,17.93000030517578,16.48105239868164,1071965,ENG.MC
2021-02-08,17.940000534057617,18.06999969482422,17.854999542236328,17.885000228881836,16.43968963623047,1124762,ENG.MC
2021-02-09,17.899999618530273,17.90999984741211,17.5,17.55500030517578,16.136356353759766,1558953,ENG.MC
2021-02-10,17.600000381469727,17.895000457763672,17.420000076293945,17.69499969482422,16.265043258666992,1284654,ENG.MC
2021-02-11,17.579999923706055,17.639999389648438,17.299999237060547,17.360000610351562,15.95711612701416,1088911,ENG.MC
2021-02-12,17.360000610351562,17.80500030517578,17.34000015258789,17.760000228881836,16.324790954589844,729304,ENG.MC
2021-02-15,17.760000228881836,17.915000915527344,17.454999923706055,17.915000915527344,16.467266082763672,1008881,ENG.MC
2021-02-16,17.940000534057617,18.049999237060547,17.610000610351562,17.610000610351562,16.186912536621094,887102,ENG.MC
2021-02-17,17.600000381469727,17.6200008392334,17.21500015258789,17.334999084472656,15.934135437011719,1459850,ENG.MC
2021-02-18,17.3799991607666,17.424999237060547,17.09000015258789,17.09000015258789,15.70893383026123,2006749,ENG.MC
2021-02-19,17.149999618530273,17.299999237060547,17.010000228881836,17.110000610351562,15.72731876373291,1249775,ENG.MC
2021-02-22,17.149999618530273,17.399999618530273,17.030000686645508,17.274999618530273,15.878984451293945,1169858,ENG.MC
2021-02-23,17.56999969482422,17.774999618530273,17.139999389648438,17.614999771118164,16.19150733947754,1742740,ENG.MC
2021-02-24,17.649999618530273,17.655000686645508,17.30500030517578,17.43000030517578,16.02145767211914,1319711,ENG.MC
2021-02-25,17.5,17.55500030517578,17.334999084472656,17.450000762939453,16.03984260559082,1026634,ENG.MC
2021-02-26,17.395000457763672,17.514999389648438,17.235000610351562,17.364999771118164,15.961710929870605,1219410,ENG.MC
2021-01-04,24.170000076293945,24.25,23.8799991607666,24.09000015258789,23.695877075195312,664054,GRF.MC
2021-01-05,23.979999542236328,24.149999618530273,23.639999389648438,24.079999923706055,23.6860408782959,539326,GRF.MC
2021-01-06,24.079999923706055,24.190000534057617,23.739999771118164,23.940000534057617,23.548330307006836,879156,GRF.MC
2021-01-07,24.1299991607666,24.209999084472656,23.790000915527344,23.829999923706055,23.44013023376465,819811,GRF.MC
2021-01-08,23.829999923706055,24.09000015258789,23.540000915527344,23.81999969482422,23.430294036865234,648883,GRF.MC
2021-01-11,23.829999923706055,23.940000534057617,23.610000610351562,23.6299991607666,23.24340057373047,754557,GRF.MC
2021-01-12,23.729999542236328,24.170000076293945,23.639999389648438,23.93000030517578,23.538494110107422,760826,GRF.MC
2021-01-13,24.020000457763672,24.15999984741211,23.760000228881836,24.15999984741211,23.76473045349121,772727,GRF.MC
2021-01-14,24.200000762939453,24.200000762939453,23.81999969482422,24.1299991607666,23.73522186279297,552208,GRF.MC
2021-01-15,23.920000076293945,24.170000076293945,23.889999389648438,24.1299991607666,23.73522186279297,1506006,GRF.MC
2021-01-18,24.1299991607666,24.829999923706055,24.049999237060547,24.6200008392334,24.217206954956055,1435726,GRF.MC
2021-01-19,25.18000030517578,25.940000534057617,25.010000228881836,25.530000686645508,25.11231803894043,1832703,GRF.MC
2021-01-20,25.530000686645508,25.75,25.149999618530273,25.3700008392334,24.95493507385254,879703,GRF.MC
2021-01-21,25.399999618530273,25.799999237060547,25.350000381469727,25.520000457763672,25.102481842041016,849011,GRF.MC
2021-01-22,25.479999542236328,25.479999542236328,24.530000686645508,24.600000381469727,24.197532653808594,750994,GRF.MC
2021-01-25,24.780000686645508,24.81999969482422,24.450000762939453,24.6200008392334,24.217206954956055,442529,GRF.MC
2021-01-26,24.479999542236328,24.709999084472656,24.309999465942383,24.489999771118164,24.089332580566406,481337,GRF.MC
2021-01-27,24.459999084472656,26.06999969482422,24.309999465942383,25.280000686645508,24.86640739440918,1316886,GRF.MC
2021-01-28,25.1299991607666,25.190000534057617,24.56999969482422,24.84000015258789,24.43360710144043,981942,GRF.MC
2021-01-29,24.520000457763672,24.56999969482422,24.18000030517578,24.299999237060547,23.90243911743164,733258,GRF.MC
2021-02-01,24.31999969482422,24.360000610351562,23.649999618530273,23.649999618530273,23.26307487487793,1089061,GRF.MC
2021-02-02,23.739999771118164,23.989999771118164,23.510000228881836,23.559999465942383,23.17454719543457,1201590,GRF.MC
2021-02-03,23.6299991607666,23.809999465942383,23.420000076293945,23.420000076293945,23.03683853149414,1060606,GRF.MC
2021-02-04,23.450000762939453,23.760000228881836,23.420000076293945,23.649999618530273,23.26307487487793,925993,GRF.MC
2021-02-05,23.700000762939453,23.959999084472656,23.610000610351562,23.6200008392334,23.233566284179688,617528,GRF.MC
2021-02-08,23.670000076293945,23.84000015258789,23.200000762939453,23.309999465942383,22.92863655090332,720269,GRF.MC
2021-02-09,23.40999984741211,23.59000015258789,23.200000762939453,23.350000381469727,22.96798324584961,611551,GRF.MC
2021-02-10,23.40999984741211,23.43000030517578,23.010000228881836,23.040000915527344,22.663055419921875,837658,GRF.MC
2021-02-11,23.049999237060547,23.25,22.579999923706055,22.719999313354492,22.348289489746094,994868,GRF.MC
2021-02-12,22.790000915527344,23.010000228881836,22.549999237060547,22.739999771118164,22.367963790893555,634876,GRF.MC
2021-02-15,22.829999923706055,22.860000610351562,22.600000381469727,22.709999084472656,22.33845329284668,595077,GRF.MC
2021-02-16,22.780000686645508,23.020000457763672,22.639999389648438,22.75,22.37779998779297,521458,GRF.MC
2021-02-17,22.75,22.829999923706055,22.579999923706055,22.649999618530273,22.279436111450195,594903,GRF.MC
2021-02-18,22.6200008392334,22.739999771118164,21.940000534057617,22.260000228881836,21.895816802978516,918949,GRF.MC
2021-02-19,22.15999984741211,22.309999465942383,21.90999984741211,22.020000457763672,21.65974235534668,890451,GRF.MC
2021-02-22,22.049999237060547,22.15999984741211,21.719999313354492,21.719999313354492,21.36465072631836,765589,GRF.MC
2021-02-23,21.719999313354492,21.8799991607666,21.40999984741211,21.639999389648438,21.285959243774414,990656,GRF.MC
2021-02-24,21.68000030517578,21.829999923706055,21.309999465942383,21.489999771118164,21.13841438293457,829451,GRF.MC
2021-02-25,21.43000030517578,22.209999084472656,21.420000076293945,21.920000076293945,21.561378479003906,1536784,GRF.MC
2021-02-26,21.5,21.700000762939453,20.270000457763672,20.81999969482422,20.4793758392334,2767351,GRF.MC
2021-01-04,2.119999885559082,2.1470000743865967,2.0899999141693115,2.128999948501587,2.010366201400757,8326232,CABK.MC
2021-01-05,2.117000102996826,2.1480000019073486,2.1050000190734863,2.134000062942505,2.015087842941284,6435079,CABK.MC
2021-01-06,2.1640000343322754,2.2860000133514404,2.1570000648498535,2.255000114440918,2.129345417022705,13655369,CABK.MC
2021-01-07,2.2699999809265137,2.359999895095825,2.2239999771118164,2.3399999141693115,2.209608793258667,21956456,CABK.MC
2021-01-08,2.36899995803833,2.36899995803833,2.319000005722046,2.3410000801086426,2.2105531692504883,13926788,CABK.MC
2021-01-11,2.321000099182129,2.3570001125335693,2.2820000648498535,2.2960000038146973,2.168060541152954,14127450,CABK.MC
2021-01-12,2.315000057220459,2.38100004196167,2.312999963760376,2.361999988555908,2.2303829193115234,12385739,CABK.MC
2021-01-13,2.3499999046325684,2.365999937057495,2.3389999866485596,2.3429999351501465,2.2124414443969727,9574661,CABK.MC
2021-01-14,2.3480000495910645,2.359999895095825,2.3269999027252197,2.3350000381469727,2.2048873901367188,21279429,CABK.MC
2021-01-15,2.3269999027252197,2.3410000801086426,2.2070000171661377,2.2230000495910645,2.099128246307373,15516553,CABK.MC
2021-01-18,2.2170000076293945,2.236999988555908,2.2090001106262207,2.2279999256134033,2.1038496494293213,7609948,CABK.MC
2021-01-19,2.255000114440918,2.2760000228881836,2.180999994277954,2.194999933242798,2.072688579559326,17025032,CABK.MC
2021-01-20,2.184000015258789,2.2019999027252197,2.114000082015991,2.134999990463257,2.0160319805145264,14848011,CABK.MC
2021-01-21,2.1489999294281006,2.177999973297119,2.122999906539917,2.135999917984009,2.0169761180877686,12194714,CABK.MC
2021-01-22,2.109999895095825,2.128000020980835,2.052000045776367,2.052000045776367,1.9376569986343384,27504037,CABK.MC
2021-01-25,2.065000057220459,2.0869998931884766,1.9845000505447388,1.9904999732971191,1.8795838356018066,11672126,CABK.MC
2021-01-26,1.9945000410079956,2.0320000648498535,1.993499994277954,2.01200008392334,1.899885892868042,8670624,CABK.MC
2021-01-27,2.0,2.0169999599456787,1.9294999837875366,1.9474999904632568,1.838979959487915,10859077,CABK.MC
2021-01-28,1.9470000267028809,2.0299999713897705,1.9420000314712524,2.0230000019073486,1.9102729558944702,14891210,CABK.MC
2021-01-29,2.049999952316284,2.115000009536743,2.0230000019073486,2.0869998931884766,1.970706582069397,21709918,CABK.MC
2021-02-01,2.128999948501587,2.130000114440918,2.0460000038146973,2.059999942779541,1.9452110528945923,14883242,CABK.MC
2021-02-02,2.0820000171661377,2.125999927520752,2.0409998893737793,2.125999927520752,2.007533311843872,16365657,CABK.MC
2021-02-03,2.1760001182556152,2.183000087738037,2.124000072479248,2.135999917984009,2.0169761180877686,11890007,CABK.MC
2021-02-04,2.140000104904175,2.183000087738037,2.125999927520752,2.178999900817871,2.05757999420166,13153007,CABK.MC
2021-02-05,2.181999921798706,2.2190001010894775,2.1630001068115234,2.191999912261963,2.0698554515838623,14644328,CABK.MC
2021-02-08,2.2279999256134033,2.244999885559082,2.2019999027252197,2.2179999351501465,2.094406843185425,10053345,CABK.MC
2021-02-09,2.2139999866485596,2.2170000076293945,2.174999952316284,2.203000068664551,2.080242872238159,14141371,CABK.MC
2021-02-10,2.2170000076293945,2.246000051498413,2.2019999027252197,2.234999895095825,2.110459566116333,12549700,CABK.MC
2021-02-11,2.2160000801086426,2.242000102996826,2.2070000171661377,2.2330000400543213,2.1085712909698486,7357672,CABK.MC
2021-02-12,2.2300000190734863,2.253000020980835,2.194999933242798,2.253000020980835,2.1274566650390625,12016036,CABK.MC
2021-02-15,2.2850000858306885,2.309000015258789,2.2709999084472656,2.308000087738037,2.179391860961914,9821437,CABK.MC
2021-02-16,2.309999942779541,2.325000047683716,2.2780001163482666,2.318000078201294,2.1888346672058105,7981968,CABK.MC
2021-02-17,2.322000026702881,2.3550000190734863,2.309999942779541,2.3369998931884766,2.206775665283203,10740269,CABK.MC
2021-02-18,2.3329999446868896,2.3570001125335693,2.296999931335449,2.312999963760376,2.1841132640838623,10738010,CABK.MC
2021-02-19,2.3299999237060547,2.3570001125335693,2.315000057220459,2.3499999046325684,2.2190513610839844,11836942,CABK.MC
2021-02-22,2.3499999046325684,2.3580000400543213,2.315000057220459,2.3399999141693115,2.209608793258667,7911222,CABK.MC
2021-02-23,2.3480000495910645,2.4119999408721924,2.3420000076293945,2.4049999713897705,2.270986795425415,12327233,CABK.MC
2021-02-24,2.3929998874664307,2.428999900817871,2.3929998874664307,2.4149999618530273,2.2804293632507324,7802369,CABK.MC
2021-02-25,2.436000108718872,2.5299999713897705,2.430999994277954,2.48799991607666,2.3493616580963135,14583450,CABK.MC
2021-02-26,2.440000057220459,2.4730000495910645,2.3919999599456787,2.4070000648498535,2.2728753089904785,16483541,CABK.MC
2021-01-04,26.43000030517578,26.43000030517578,25.709999084472656,25.84000015258789,25.43731117248535,8746087,ITX.MC
2021-01-05,25.700000762939453,25.969999313354492,25.510000228881836,25.75,25.34871482849121,1845863,ITX.MC
2021-01-06,25.920000076293945,26.479999542236328,25.530000686645508,26.399999618530273,25.988582611083984,2448623,ITX.MC
2021-01-07,26.56999969482422,26.56999969482422,25.93000030517578,26.229999542236328,25.82123374938965,2536892,ITX.MC
2021-01-08,26.5,26.719999313354492,26.34000015258789,26.719999313354492,26.30359649658203,2326181,ITX.MC
2021-01-11,26.56999969482422,26.700000762939453,26.1299991607666,26.219999313354492,25.81138801574707,3770678,ITX.MC
2021-01-12,26.299999237060547,26.549999237060547,26.059999465942383,26.110000610351562,25.70310401916504,8656309,ITX.MC
2021-01-13,26.15999984741211,26.200000762939453,25.40999984741211,25.780000686645508,25.378246307373047,3365287,ITX.MC
2021-01-14,25.739999771118164,26.540000915527344,25.700000762939453,26.31999969482422,25.90983009338379,3111917,ITX.MC
2021-01-15,26.1200008392334,26.299999237060547,25.790000915527344,26.059999465942383,25.653881072998047,4107907,ITX.MC
2021-01-18,26.0,26.229999542236328,25.90999984741211,26.200000762939453,25.79170036315918,826518,ITX.MC
2021-01-19,26.299999237060547,26.389999389648438,25.81999969482422,25.959999084472656,25.555438995361328,1318462,ITX.MC
2021-01-20,25.81999969482422,26.170000076293945,25.770000457763672,26.170000076293945,25.76216697692871,3557628,ITX.MC
2021-01-21,26.190000534057617,26.299999237060547,25.969999313354492,25.979999542236328,25.57512855529785,1865623,ITX.MC
2021-01-22,25.989999771118164,26.09000015258789,25.40999984741211,25.59000015258789,25.191205978393555,1802444,ITX.MC
2021-01-25,25.639999389648438,25.639999389648438,24.809999465942383,24.84000015258789,24.45289421081543,4133759,ITX.MC
2021-01-26,24.81999969482422,25.209999084472656,24.719999313354492,25.059999465942383,24.669466018676758,2188978,ITX.MC
2021-01-27,25.110000610351562,25.18000030517578,24.729999542236328,24.989999771118164,24.600557327270508,2782662,ITX.MC
2021-01-28,24.690000534057617,25.170000076293945,24.450000762939453,25.100000381469727,24.708843231201172,2251558,ITX.MC
2021-01-29,24.799999237060547,24.90999984741211,24.34000015258789,24.489999771118164,24.108348846435547,3773236,ITX.MC
2021-02-01,24.690000534057617,24.790000915527344,24.469999313354492,24.610000610351562,24.22648048400879,1818569,ITX.MC
2021-02-02,24.6299991607666,25.110000610351562,24.600000381469727,25.0,24.610401153564453,3233616,ITX.MC
2021-02-03,25.239999771118164,25.299999237060547,25.100000381469727,25.1299991607666,24.738374710083008,1681654,ITX.MC
2021-02-04,25.229999542236328,25.719999313354492,25.170000076293945,25.68000030517578,25.279804229736328,2016480,ITX.MC
2021-02-05,25.690000534057617,26.239999771118164,25.600000381469727,26.1299991607666,25.72279167175293,2446922,ITX.MC
2021-02-08,26.020000457763672,26.3700008392334,25.959999084472656,25.969999313354492,25.565282821655273,4426411,ITX.MC
2021-02-09,26.0,26.040000915527344,25.739999771118164,25.899999618530273,25.496376037597656,2219347,ITX.MC
2021-02-10,25.889999389648438,26.0,25.450000762939453,25.649999618530273,25.250272750854492,1624278,ITX.MC
2021-02-11,25.600000381469727,25.719999313354492,25.309999465942383,25.59000015258789,25.191205978393555,1613969,ITX.MC
2021-02-12,25.59000015258789,25.760000228881836,25.239999771118164,25.709999084472656,25.309335708618164,1711153,ITX.MC
2021-02-15,25.8799991607666,26.290000915527344,25.850000381469727,26.229999542236328,25.82123374938965,1484827,ITX.MC
2021-02-16,26.219999313354492,26.239999771118164,25.8799991607666,25.93000030517578,25.525909423828125,2073409,ITX.MC
2021-02-17,25.850000381469727,26.059999465942383,25.719999313354492,25.850000381469727,25.44715690612793,1761746,ITX.MC
2021-02-18,26.030000686645508,26.3799991607666,25.889999389648438,26.040000915527344,25.63419532775879,2952067,ITX.MC
2021-02-19,26.049999237060547,26.270000457763672,25.8700008392334,25.899999618530273,25.496376037597656,2961657,ITX.MC
2021-02-22,25.790000915527344,26.079999923706055,25.579999923706055,26.030000686645508,25.624351501464844,1849936,ITX.MC
2021-02-23,26.1200008392334,27.600000381469727,26.059999465942383,27.450000762939453,27.0222225189209,4859408,ITX.MC
2021-02-24,27.450000762939453,27.450000762939453,26.989999771118164,26.989999771118164,26.56938934326172,4249445,ITX.MC
2021-02-25,27.0,28.09000015258789,26.90999984741211,27.600000381469727,27.169883728027344,2924408,ITX.MC
2021-02-26,27.270000457763672,27.90999984741211,27.15999984741211,27.309999465942383,26.884401321411133,4126496,ITX.MC
2021-01-04,3.2275500297546387,3.2289910316467285,3.1036911010742188,3.1281750202178955,2.940495252609253,10642278,BKT.MC
2021-01-05,3.1108920574188232,3.2757980823516846,3.1101720333099365,3.2347519397735596,3.040678024291992,6980203,BKT.MC
2021-01-06,3.3017220497131348,3.4738290309906006,3.280838966369629,3.432063102722168,3.22615122795105,5761689,BKT.MC
2021-01-07,3.4471850395202637,3.5760860443115234,3.3866961002349854,3.5760860443115234,3.3615334033966064,5966989,BKT.MC
2021-01-08,3.6005699634552,3.612091064453125,3.5011940002441406,3.585447072982788,3.3703324794769287,4914241,BKT.MC
2021-01-11,3.585447072982788,3.6106510162353516,3.535038948059082,3.54944109916687,3.336486577987671,3866605,BKT.MC
2021-01-12,3.57680606842041,3.587606906890869,3.5299980640411377,3.5429599285125732,3.3303945064544678,3331604,BKT.MC
2021-01-13,3.5285580158233643,3.5573630332946777,3.506234884262085,3.5537619590759277,3.340548515319824,2763956,BKT.MC
2021-01-14,3.565284013748169,3.6005699634552,3.485351085662842,3.517035961151123,3.306025981903076,4520530,BKT.MC
2021-01-15,3.5199170112609863,3.54944109916687,3.4205410480499268,3.4414238929748535,3.234950304031372,3800771,BKT.MC
2021-01-18,3.426301956176758,3.526397943496704,3.4234209060668945,3.499753952026367,3.289780855178833,2746858,BKT.MC
2021-01-19,3.5249578952789307,3.5573630332946777,3.4277420043945312,3.4457449913024902,3.2390122413635254,2496947,BKT.MC
2021-01-20,3.4414238929748535,3.4889519214630127,3.411900043487549,3.4414238929748535,3.234950304031372,2802581,BKT.MC
2021-01-21,3.428462028503418,3.70426607131958,3.4133400917053223,3.5897679328918457,3.374394416809082,8077712,BKT.MC
2021-01-22,3.556643009185791,3.5940890312194824,3.4983129501342773,3.5516018867492676,3.338517904281616,5233142,BKT.MC
2021-01-25,3.556643009185791,3.568164110183716,3.3557310104370117,3.3888559341430664,3.1855361461639404,7186170,BKT.MC
2021-01-26,3.4565470218658447,3.511996030807495,3.3917360305786133,3.472388982772827,3.2640573978424072,4551261,BKT.MC
2021-01-27,3.4565470218658447,3.4695088863372803,3.2793989181518555,3.3082029819488525,3.109722137451172,4508844,BKT.MC
2021-01-28,3.2901999950408936,3.44358491897583,3.2642760276794434,3.41766095161438,3.212613105773926,6093565,BKT.MC
2021-01-29,3.373013973236084,3.396056890487671,3.3125240802764893,3.345649003982544,3.1449217796325684,5152510,BKT.MC
2021-02-01,3.398937940597534,3.398937940597534,3.3139638900756836,3.3139638900756836,3.1151375770568848,4720566,BKT.MC
2021-02-02,3.343488931655884,3.399657964706421,3.2916409969329834,3.393177032470703,3.1895978450775146,3338121,BKT.MC
2021-02-03,3.4507861137390137,3.5098350048065186,3.4450249671936035,3.482470989227295,3.2735345363616943,4671411,BKT.MC
2021-02-04,3.493993043899536,3.5717649459838867,3.4421439170837402,3.5501620769500732,3.3371646404266357,3363407,BKT.MC
2021-02-05,3.5523219108581543,3.6048901081085205,3.5213570594787598,3.544400930404663,3.3317489624023438,3815002,BKT.MC
2021-02-08,3.583287000656128,3.6149721145629883,3.5487210750579834,3.5487210750579834,3.3358101844787598,2025054,BKT.MC
2021-02-09,3.5724849700927734,3.6308140754699707,3.541520118713379,3.5883278846740723,3.3730404376983643,3059303,BKT.MC
2021-02-10,3.617851972579956,3.6696999073028564,3.5573630332946777,3.6466569900512695,3.427870035171509,3461687,BKT.MC
2021-02-11,3.656738042831421,3.69850492477417,3.612091064453125,3.6524178981781006,3.4332852363586426,2517481,BKT.MC
2021-02-12,3.642335891723633,3.6437759399414062,3.558803081512451,3.6077709197998047,3.3913168907165527,3467695,BKT.MC
2021-02-15,3.6725809574127197,3.7445919513702393,3.6696999073028564,3.7215490341186523,3.4982688426971436,3446573,BKT.MC
2021-02-16,3.743151903152466,3.743151903152466,3.662498950958252,3.70426607131958,3.482022762298584,6100435,BKT.MC
2021-02-17,3.6941840648651123,3.7215490341186523,3.6293740272521973,3.679781913757324,3.459007501602173,3012225,BKT.MC
2021-02-18,3.7215490341186523,3.7215490341186523,3.5926480293273926,3.595529079437256,3.379809856414795,3221624,BKT.MC
2021-02-19,3.6293740272521973,3.7532339096069336,3.568885087966919,3.738831043243408,3.5145139694213867,4188513,BKT.MC
2021-02-22,3.7201080322265625,3.728749990463257,3.6408960819244385,3.6754610538482666,3.4549458026885986,2949144,BKT.MC
2021-02-23,3.712907075881958,3.990870952606201,3.7057058811187744,3.9678280353546143,3.7297720909118652,10022851,BKT.MC
2021-02-24,3.9678280353546143,4.0067138671875,3.894376039505005,3.956305980682373,3.7189412117004395,3656143,BKT.MC
2021-02-25,3.9966320991516113,4.08448600769043,3.9548659324645996,4.019676208496094,3.826641321182251,5601368,BKT.MC
2021-02-26,3.9491050243377686,4.052801132202148,3.936142921447754,3.9548659324645996,3.7649435997009277,5654225,BKT.MC
2021-01-04,58.650001525878906,60.20000076293945,58.5,60.04999923706055,58.21974563598633,73313,VIS.MC
2021-01-05,60.20000076293945,60.20000076293945,58.849998474121094,59.0,57.20174789428711,61500,VIS.MC
2021-01-06,59.04999923706055,59.349998474121094,58.099998474121094,58.5,56.716983795166016,63636,VIS.MC
2021-01-07,58.75,59.04999923706055,58.25,58.95000076293945,57.15327072143555,67428,VIS.MC
2021-01-08,59.0,59.349998474121094,58.400001525878906,58.70000076293945,56.910892486572266,56193,VIS.MC
2021-01-11,58.79999923706055,59.75,58.75,59.650001525878906,57.831939697265625,90760,VIS.MC
2021-01-12,59.45000076293945,59.5,58.54999923706055,59.20000076293945,57.395652770996094,73371,VIS.MC
2021-01-13,58.900001525878906,60.5,58.849998474121094,60.5,58.656028747558594,107325,VIS.MC
2021-01-14,60.400001525878906,60.70000076293945,59.650001525878906,60.349998474121094,58.510597229003906,150946,VIS.MC
2021-01-15,60.5,60.70000076293945,59.75,60.29999923706055,58.46212387084961,119993,VIS.MC
2021-01-18,60.20000076293945,60.75,59.849998474121094,60.54999923706055,58.70450210571289,39961,VIS.MC
2021-01-19,60.650001525878906,60.849998474121094,60.0,60.25,58.41364669799805,57948,VIS.MC
2021-01-20,60.0,60.400001525878906,59.29999923706055,59.599998474121094,57.7834587097168,55406,VIS.MC
2021-01-21,59.45000076293945,60.0,58.45000076293945,58.70000076293945,56.910892486572266,68644,VIS.MC
2021-01-22,58.25,58.650001525878906,57.5,57.79999923706055,56.03832244873047,99592,VIS.MC
2021-01-25,58.0,58.45000076293945,57.75,58.45000076293945,56.66851043701172,62017,VIS.MC
2021-01-26,57.79999923706055,58.70000076293945,57.79999923706055,58.5,56.716983795166016,51337,VIS.MC
2021-01-27,58.599998474121094,59.400001525878906,58.150001525878906,58.95000076293945,57.15327072143555,105124,VIS.MC
2021-01-28,58.54999923706055,59.400001525878906,58.54999923706055,58.79999923706055,57.007843017578125,149635,VIS.MC
2021-01-29,58.349998474121094,58.599998474121094,57.54999923706055,58.20000076293945,56.42612838745117,98572,VIS.MC
2021-02-01,58.29999923706055,59.29999923706055,58.25,59.099998474121094,57.29869842529297,81022,VIS.MC
2021-02-02,59.25,59.75,58.70000076293945,59.150001525878906,57.34717559814453,73467,VIS.MC
2021-02-03,58.849998474121094,59.75,58.849998474121094,59.04999923706055,57.250221252441406,81305,VIS.MC
2021-02-04,58.900001525878906,59.25,58.5,58.650001525878906,56.8624153137207,46260,VIS.MC
2021-02-05,58.75,58.95000076293945,58.599998474121094,58.70000076293945,56.910892486572266,42650,VIS.MC
2021-02-08,59.20000076293945,59.599998474121094,58.70000076293945,58.79999923706055,57.007843017578125,68493,VIS.MC
2021-02-09,58.79999923706055,59.400001525878906,58.54999923706055,59.25,57.44412612915039,57133,VIS.MC
2021-02-10,59.20000076293945,59.20000076293945,58.29999923706055,58.79999923706055,57.007843017578125,81049,VIS.MC
2021-02-11,58.5,59.04999923706055,58.25,58.5,56.716983795166016,47831,VIS.MC
2021-02-12,58.25,59.25,58.04999923706055,59.25,57.44412612915039,70335,VIS.MC
2021-02-15,59.099998474121094,59.400001525878906,58.5,58.900001525878906,57.10479736328125,40636,VIS.MC
2021-02-16,59.099998474121094,59.75,58.79999923706055,58.849998474121094,57.05631637573242,53720,VIS.MC
2021-02-17,58.849998474121094,59.150001525878906,58.45000076293945,59.0,57.20174789428711,67893,VIS.MC
2021-02-18,59.150001525878906,59.150001525878906,57.900001525878906,58.0,56.23222732543945,72895,VIS.MC
2021-02-19,58.04999923706055,58.20000076293945,57.45000076293945,57.45000076293945,55.69898986816406,157051,VIS.MC
2021-02-22,57.29999923706055,57.45000076293945,56.5,56.650001525878906,54.92337417602539,101630,VIS.MC
2021-02-23,57.0,57.04999923706055,55.150001525878906,56.04999923706055,54.34165573120117,97796,VIS.MC
2021-02-24,56.099998474121094,56.54999923706055,55.54999923706055,56.0,54.29318618774414,62306,VIS.MC
2021-02-25,56.099998474121094,56.849998474121094,55.400001525878906,56.599998474121094,54.87489318847656,102455,VIS.MC
2021-02-26,56.79999923706055,59.20000076293945,56.0,58.25,56.474605560302734,255635,VIS.MC
2021-01-04,16.94499969482422,17.18000030517578,16.860000610351562,17.05500030517578,15.110692024230957,1529230,REE.MC
2021-01-05,16.780000686645508,16.780000686645508,16.375,16.389999389648438,14.757463455200195,2686455,REE.MC
2021-01-06,16.489999771118164,16.559999465942383,16.385000228881836,16.4950008392334,14.852007865905762,1749110,REE.MC
2021-01-07,16.649999618530273,16.665000915527344,16.329999923706055,16.350000381469727,14.721449851989746,3368672,REE.MC
2021-01-08,16.459999084472656,16.510000228881836,16.375,16.450000762939453,14.81148910522461,1302400,REE.MC
2021-01-11,16.200000762939453,16.40999984741211,16.170000076293945,16.274999618530273,14.65392017364502,1619860,REE.MC
2021-01-12,16.344999313354492,16.385000228881836,15.890000343322754,15.890000343322754,14.307269096374512,4361777,REE.MC
2021-01-13,15.899999618530273,16.325000762939453,15.859999656677246,16.325000762939453,14.698939323425293,2248666,REE.MC
2021-01-14,16.354999542236328,16.364999771118164,16.200000762939453,16.30500030517578,14.680932998657227,4515846,REE.MC
2021-01-15,16.274999618530273,16.295000076293945,16.09000015258789,16.295000076293945,14.671927452087402,4527088,REE.MC
2021-01-18,16.270000457763672,16.290000915527344,16.09000015258789,16.09000015258789,14.487346649169922,782700,REE.MC
2021-01-19,16.100000381469727,16.15999984741211,15.970000267028809,15.970000267028809,14.379300117492676,1327433,REE.MC
2021-01-20,16.0049991607666,16.020000457763672,15.734999656677246,15.805000305175781,14.230734825134277,1561213,REE.MC
2021-01-21,15.829999923706055,15.920000076293945,15.755000114440918,15.819999694824219,14.244240760803223,1113048,REE.MC
2021-01-22,15.75,15.895000457763672,15.635000228881836,15.895000457763672,14.311771392822266,1221063,REE.MC
2021-01-25,15.899999618530273,16.024999618530273,15.664999961853027,16.0,14.406311988830566,1150619,REE.MC
2021-01-26,16.03499984741211,16.149999618530273,15.925000190734863,15.96500015258789,14.374797821044922,1726413,REE.MC
2021-01-27,15.989999771118164,16.665000915527344,15.949999809265137,16.190000534057617,14.577387809753418,2047521,REE.MC
2021-01-28,16.020000457763672,16.200000762939453,15.904999732971191,16.110000610351562,14.505354881286621,1510126,REE.MC
2021-01-29,16.020000457763672,16.020000457763672,15.600000381469727,15.65999984741211,14.100177764892578,1960719,REE.MC
2021-02-01,15.720000267028809,15.975000381469727,15.710000038146973,15.859999656677246,14.280256271362305,1402741,REE.MC
2021-02-02,15.859999656677246,15.880000114440918,15.635000228881836,15.744999885559082,14.176711082458496,2237095,REE.MC
2021-02-03,15.75,15.970000267028809,15.710000038146973,15.859999656677246,14.280256271362305,1281485,REE.MC
2021-02-04,15.8100004196167,15.850000381469727,15.430000305175781,15.454999923706055,13.915596961975098,1918045,REE.MC
2021-02-05,15.494999885559082,15.510000228881836,15.260000228881836,15.324999809265137,13.798544883728027,1797942,REE.MC
2021-02-08,15.234999656677246,15.375,15.095000267028809,15.100000381469727,13.595956802368164,1552376,REE.MC
2021-02-09,15.100000381469727,15.100000381469727,14.960000038146973,15.055000305175781,13.555438995361328,1366723,REE.MC
2021-02-10,15.050000190734863,15.204999923706055,14.975000381469727,14.975000381469727,13.483407974243164,1294792,REE.MC
2021-02-11,14.920000076293945,14.9399995803833,14.770000457763672,14.8100004196167,13.334842681884766,1151359,REE.MC
2021-02-12,14.819999694824219,15.050000190734863,14.725000381469727,14.96500015258789,13.474403381347656,1547054,REE.MC
2021-02-15,15.024999618530273,15.039999961853027,14.770000457763672,15.0,13.5059175491333,1482510,REE.MC
2021-02-16,15.055000305175781,15.0649995803833,14.710000038146973,14.710000038146973,13.244802474975586,1299880,REE.MC
2021-02-17,14.699999809265137,14.90999984741211,14.5649995803833,14.90999984741211,13.424880981445312,1868524,REE.MC
2021-02-18,14.954999923706055,15.029999732971191,14.739999771118164,14.789999961853027,13.31683349609375,1354894,REE.MC
2021-02-19,14.760000228881836,14.920000076293945,14.609999656677246,14.819999694824219,13.34384536743164,1929645,REE.MC
2021-02-22,14.800000190734863,14.864999771118164,14.640000343322754,14.675000190734863,13.213289260864258,2151341,REE.MC
2021-02-23,14.65999984741211,14.770000457763672,14.399999618530273,14.71500015258789,13.249303817749023,2299878,REE.MC
2021-02-24,14.609999656677246,14.680000305175781,13.824999809265137,13.850000381469727,12.470463752746582,4529281,REE.MC
2021-02-25,13.859999656677246,13.895000457763672,13.569999694824219,13.654999732971191,12.294886589050293,3223915,REE.MC
2021-02-26,13.800000190734863,14.029999732971191,13.5649995803833,13.864999771118164,12.483968734741211,2627961,REE.MC
